{
  "best_model": "mobilenetv2",
  "metrics": {
    "accuracy": 0.9704886308659894,
    "precision": 0.9845540607872446,
    "recall": 0.9559748427672956,
    "specificity": 0.9850024189646831,
    "f1": 0.970054000981836,
    "roc_auc": 0.9955323466017116
  },
  "ranking": [
    "mobilenetv2",
    "resnet18",
    "simple_cnn"
  ]
}