{
  "best_model": "mobilenetv2",
  "metrics": {
    "accuracy": 0.9700048379293662,
    "precision": 0.972749391727494,
    "recall": 0.9671020803096275,
    "specificity": 0.972907595549105,
    "f1": 0.9699175157690442,
    "roc_auc": 0.9959399544387357
  },
  "ranking": [
    "mobilenetv2",
    "resnet18",
    "simple_cnn"
  ]
}