model,accuracy,precision,recall,specificity,f1,roc_auc
mobilenetv2,0.9700048379293662,0.972749391727494,0.9671020803096275,0.972907595549105,0.9699175157690442,0.9959399544387357
resnet18,0.9685534591194969,0.9596582819174181,0.9782293178519593,0.9588776003870344,0.9688548155246766,0.9960961865554248
simple_cnn,0.9615384615384616,0.9750996015936255,0.9472665699080793,0.9758103531688437,0.9609815950920245,0.9913769233811953
