{
  "simple_cnn": {
    "epoch": [
      1.0,
      2.0,
      3.0,
      4.0,
      5.0,
      6.0,
      7.0,
      8.0,
      9.0,
      10.0,
      11.0,
      12.0,
      13.0,
      14.0,
      15.0,
      16.0,
      17.0,
      18.0,
      19.0,
      20.0
    ],
    "train_loss": [
      0.25473248944065,
      0.16375157643069005,
      0.1525009126259046,
      0.15006490671237618,
      0.14710398802428495,
      0.14618538018178914,
      0.1450206384796624,
      0.1425827229259359,
      0.13661307862512245,
      0.13678622032622403,
      0.1339884705992175,
      0.13349038124115373,
      0.1306269332140823,
      0.12631566627709095,
      0.1238794938857658,
      0.12285076176188596,
      0.1214276063945888,
      0.12210744140353952,
      0.12104055197545442,
      0.11817785033356532
    ],
    "val_loss": [
      0.4172946079001083,
      0.15216272052901922,
      0.15075634212296657,
      0.1534040306406893,
      0.14087612336897076,
      0.16459694244490192,
      0.16118528573162383,
      0.13836891417867847,
      0.1323673468737367,
      0.13762635324937916,
      0.1342414514016113,
      0.13602008495027454,
      0.1979037339366111,
      0.1280264106849916,
      0.12523634300666786,
      0.13260916029709113,
      0.13335483258091774,
      0.12655509962917932,
      0.12091247141577509,
      0.12535159067797327
    ],
    "train_acc": [
      0.9040435458786936,
      0.948729911871436,
      0.9530326594090203,
      0.9527734577501296,
      0.954639709694142,
      0.9560393986521514,
      0.9546915500259202,
      0.9550544323483671,
      0.9570762052877139,
      0.9565059616381545,
      0.9567651632970451,
      0.9573872472783825,
      0.9579056505961638,
      0.9594090202177294,
      0.9594090202177294,
      0.9595645412130638,
      0.9614307931570762,
      0.9605495075168481,
      0.9593571798859513,
      0.9611197511664075
    ],
    "val_acc": [
      0.7733430091920658,
      0.9516207063376875,
      0.9545234639574263,
      0.9508950169327528,
      0.9545234639574263,
      0.9385582970488631,
      0.9484760522496372,
      0.9554910498306725,
      0.9564586357039188,
      0.9533139816158684,
      0.9547653604257378,
      0.9547653604257378,
      0.9218674407353653,
      0.9562167392356071,
      0.9559748427672956,
      0.9533139816158684,
      0.9567005321722303,
      0.9579100145137881,
      0.9583938074504113,
      0.9576681180454766
    ],
    "lr": [
      0.001,
      0.001,
      0.001,
      0.001,
      0.001,
      0.001,
      0.001,
      0.001,
      0.001,
      0.001,
      0.001,
      0.001,
      0.001,
      0.0005,
      0.0005,
      0.0005,
      0.0005,
      0.0005,
      0.0005,
      0.0005
    ]
  },
  "resnet18": {
    "epoch": [
      1.0,
      2.0,
      3.0,
      4.0,
      5.0,
      6.0,
      7.0,
      8.0,
      9.0,
      10.0,
      11.0,
      12.0,
      13.0,
      14.0,
      15.0,
      16.0,
      17.0,
      18.0,
      19.0,
      20.0
    ],
    "train_loss": [
      0.15557141412163472,
      0.13428123807462156,
      0.12958152760737543,
      0.12389625164435403,
      0.1186878242197279,
      0.11835780460802676,
      0.11799482835457695,
      0.10594851462071024,
      0.10317681667222577,
      0.10203929541641224,
      0.10007268780327758,
      0.09903642494345404,
      0.09817813938148533,
      0.0967281922613048,
      0.09442534104970653,
      0.08451869407231292,
      0.08120152907027921,
      0.07804398790422871,
      0.07778981262349662,
      0.0776303418857437
    ],
    "val_loss": [
      0.13349834197693305,
      0.1627164807514863,
      0.1237686301018803,
      0.14542653687734447,
      0.12625998930837085,
      0.16719535494923418,
      0.13013119890341507,
      0.10511464019313664,
      0.1068414403589728,
      0.1133413868404323,
      0.10026735782147492,
      0.10670001614509024,
      0.1035231557959915,
      0.10819789512064011,
      0.10396104936416332,
      0.08842378028230963,
      0.0938639859495442,
      0.09147668615466567,
      0.08401921060590509,
      0.092624104395689
    ],
    "train_acc": [
      0.9489372731985485,
      0.956298600311042,
      0.9589942975635044,
      0.9595645412130638,
      0.9621047174701918,
      0.9616899948159668,
      0.960912389839295,
      0.964282011404873,
      0.9644375324002074,
      0.9650077760497667,
      0.9666148263348885,
      0.9664074650077761,
      0.9671850699844479,
      0.9668740279937792,
      0.9680145152928978,
      0.9710730948678071,
      0.9715396578538102,
      0.9724209434940384,
      0.972680145152929,
      0.9724209434940384
    ],
    "val_acc": [
      0.9603289791969037,
      0.942428640541848,
      0.9596032897919691,
      0.9516207063376875,
      0.9598451862602806,
      0.9545234639574263,
      0.9557329462989841,
      0.9634736332849541,
      0.9596032897919691,
      0.9617803580067731,
      0.9639574262215772,
      0.9600870827285921,
      0.9658925979680697,
      0.9634736332849541,
      0.9627479438800194,
      0.9666182873730044,
      0.9663763909046927,
      0.9641993226898887,
      0.967343976777939,
      0.9661344944363812
    ],
    "lr": [
      0.001,
      0.001,
      0.001,
      0.001,
      0.001,
      0.001,
      0.001,
      0.0005,
      0.0005,
      0.0005,
      0.0005,
      0.0005,
      0.0005,
      0.0005,
      0.0005,
      0.00025,
      0.00025,
      0.00025,
      0.00025,
      0.00025
    ]
  },
  "mobilenetv2": {
    "epoch": [
      1.0,
      2.0,
      3.0,
      4.0,
      5.0,
      6.0,
      7.0,
      8.0,
      9.0,
      10.0,
      11.0,
      12.0,
      13.0,
      14.0,
      15.0,
      16.0,
      17.0,
      18.0,
      19.0,
      20.0
    ],
    "train_loss": [
      0.14845880120857477,
      0.10849550111637392,
      0.10287997680602759,
      0.101209864863897,
      0.09301178904743687,
      0.0931691636887083,
      0.09124490313652947,
      0.09005270411408646,
      0.0879291714908253,
      0.09092058309847793,
      0.08792477372267074,
      0.08571012618165982,
      0.0847129290565238,
      0.08159522137041225,
      0.0839239546408256,
      0.081724777045245,
      0.0817162908501672,
      0.0790989677064959,
      0.07751187927182812,
      0.06827559240930992
    ],
    "val_loss": [
      0.12689004298506812,
      0.10056557353129984,
      0.10416693482989554,
      0.1113612996562991,
      0.10175815853278995,
      0.09629935808714081,
      0.10932581814435813,
      0.08862721484945658,
      0.09647775525033445,
      0.10262922599486354,
      0.09804126826472252,
      0.0879081485060372,
      0.1304304993053133,
      0.09566919460539433,
      0.08561942589401218,
      0.09068332403451276,
      0.10085549818313116,
      0.09702657155934082,
      0.09224998843182558,
      0.08457752193554507
    ],
    "train_acc": [
      0.9499222395023328,
      0.9635562467599793,
      0.9645412130637636,
      0.9653188180404355,
      0.9675479523068947,
      0.9675479523068947,
      0.9688439606013478,
      0.9677553136340072,
      0.9686365992742354,
      0.9685847589424572,
      0.9692586832555729,
      0.9703991705546916,
      0.9705546915500259,
      0.9719543805080353,
      0.970606531881804,
      0.9712286158631416,
      0.972265422498704,
      0.9725246241575947,
      0.9727838258164853,
      0.976049766718507
    ],
    "val_acc": [
      0.9581519109820996,
      0.9629898403483309,
      0.9634736332849541,
      0.9603289791969037,
      0.9637155297532656,
      0.9644412191582002,
      0.9634736332849541,
      0.9683115626511853,
      0.9632317368166424,
      0.9612965650701499,
      0.9637155297532656,
      0.9683115626511853,
      0.9632317368166424,
      0.9675858732462506,
      0.9683115626511853,
      0.9675858732462506,
      0.9668601838413159,
      0.9675858732462506,
      0.9702467343976778,
      0.96903725205612
    ],