{
  "simple_cnn": {
    "epoch": [
      1.0,
      2.0,
      3.0,
      4.0,
      5.0,
      6.0,
      7.0,
      8.0,
      9.0,
      10.0,
      11.0,
      12.0,
      13.0,
      14.0,
      15.0,
      16.0,
      17.0,
      18.0,
      19.0,
      20.0
    ],
    "train_loss": [
      0.2571951586171838,
      0.15792021484434327,
      0.15151693577081074,
      0.14673135350518673,
      0.1506235554150005,
      0.14144006941280196,
      0.14207010007448428,
      0.13892040315256518,
      0.13765138323255127,
      0.14452658350168576,
      0.13543225035666184,
      0.13313243905610528,
      0.12917436284373746,
      0.13082806831385077,
      0.12417466016153154,
      0.12166237443252942,
      0.12301756272110809,
      0.12107695691507675,
      0.12178888608285836,
      0.12090329780939053
    ],
    "val_loss": [
      0.1550997055465032,
      0.14890480382312998,
      0.2594008764020475,
      0.14234576907223356,
      0.13002788892577222,
      0.13854355723689477,
      0.17197739680031388,
      0.13204903894946174,
      0.12867698110784231,
      0.12541314128499764,
      0.13210931351479552,
      0.13176805746615886,
      0.13153682404747896,
      0.12856454395359707,
      0.11763855004002781,
      0.1241571289871517,
      0.11487849095829974,
      0.12326149313192929,
      0.13015164625229442,
      0.11344705426450016
    ],
    "train_acc": [
      0.9041472265422499,
      0.949974079834111,
      0.9524624157594609,
      0.9547952306894764,
      0.9536029030585795,
      0.9557801969932608,
      0.9563504406428202,
      0.9556765163297045,
      0.9564022809745982,
      0.9561430793157076,
      0.9557801969932608,
      0.9580093312597201,
      0.9570243649559357,
      0.9578538102643857,
      0.9598755832037325,
      0.9598755832037325,
      0.9606013478486263,
      0.9602384655261794,
      0.9597200622083981,
      0.9606013478486263
    ],
    "val_acc": [
      0.949685534591195,
      0.9506531204644412,
      0.9025157232704403,
      0.957426221577165,
      0.9567005321722303,
      0.9569424286405418,
      0.9446057087566522,
      0.9588776003870344,
      0.9579100145137881,
      0.9591194968553459,
      0.9596032897919691,
      0.9533139816158684,
      0.9552491533623609,
      0.9571843251088534,
      0.9610546686018384,
      0.9586357039187228,
      0.9608127721335269,
      0.9588776003870344,
      0.9562167392356071,
      0.9598451862602806
    ],
    "lr": [
      0.001,
      0.001,
      0.001,
      0.001,
      0.001,
      0.001,
      0.001,
      0.001,
      0.001,
      0.001,
      0.001,
      0.001,
      0.001,
      0.001,
      0.0005,
      0.0005,
      0.0005,
      0.0005,
      0.0005,
      0.0005
    ]
  },
  "resnet18": {
    "epoch": [
      1.0,
      2.0,
      3.0,
      4.0,
      5.0,
      6.0,
      7.0,
      8.0,
      9.0,
      10.0,
      11.0,
      12.0,
      13.0,
      14.0,
      15.0,
      16.0,
      17.0,
      18.0,
      19.0,
      20.0
    ],
    "train_loss": [
      0.15964639165384156,
      0.1307976019743998,
      0.12810136560271476,
      0.12302865175894347,
      0.1221509287739245,
      0.11972650027818912,
      0.1175930491598886,
      0.10556466035108421,
      0.10465589448106666,
      0.10124879815669305,
      0.10051348101233744,
      0.0999233923531864,
      0.09412871657287969,
      0.09581917006775405,
      0.09661828281812683,
      0.09161192132068335,
      0.09046848470865598,
      0.08968124571181506,
      0.08814121043838719,
      0.08873368577675352
    ],
    "val_loss": [
      0.1284921915834949,
      0.12717986088579528,
      0.10982284399878592,
      0.11346719687760425,
      0.11040494332822642,
      0.11770893299224934,
      0.11552535454158225,
      0.09631096716856663,
      0.10086293466457666,
      0.09709476034711627,
      0.09542054632596625,
      0.09883598643199626,
      0.10100306154385995,
      0.11129197036918662,
      0.09143226687270602,
      0.09106847896440252,
      0.09730795986074495,
      0.08277876210954521,
      0.08357131998872463,
      0.08069342953104744
    ],
    "train_acc": [
      0.949974079834111,
      0.9573872472783825,
      0.96049766718507,
      0.9602903058579575,
      0.9603939865215138,
      0.9603421461897356,
      0.9617936754795231,
      0.9643856920684293,
      0.9640746500777605,
      0.9661482633488855,
      0.9651632970451011,
      0.9658890616899948,
      0.9656298600311042,
      0.9666148263348885,
      0.9670295489891135,
      0.9671850699844479,
      0.9687921202695697,
      0.9685847589424572,
      0.9696215655780197,
      0.968481078278901
    ],
    "val_acc": [
      0.9591194968553459,
      0.9605708756652153,
      0.9632317368166424,
      0.9629898403483309,
      0.9639574262215772,
      0.9634736332849541,
      0.9637155297532656,
      0.9666182873730044,
      0.9661344944363812,
      0.9654088050314465,
      0.9685534591194969,
      0.9668601838413159,
      0.9680696661828737,
      0.9617803580067731,
      0.9678277697145622,
      0.9687953555878084,
      0.9649250120948234,
      0.9687953555878084,
      0.9716981132075472,
      0.9716981132075472
    ],
    "lr": [
      0.001,
      0.001,
      0.001,
      0.001,
      0.001,
      0.001,
      0.001,
      0.0005,
      0.0005,
      0.0005,
      0.0005,
      0.0005,
      0.0005,
      0.0005,
      0.0005,
      0.0005,
      0.0005,
      0.0005,
      0.0005,
      0.0005
    ]
  },
  "mobilenetv2": {
    "epoch": [
      1.0,
      2.0,
      3.0,
      4.0,
      5.0,
      6.0,
      7.0,
      8.0,
      9.0,
      10.0,
      11.0,
      12.0,
      13.0,
      14.0,
      15.0,
      16.0,
      17.0,
      18.0,
      19.0,
      20.0
    ],
    "train_loss": [
      0.1541595193289487,
      0.11141301407259076,
      0.10438313254224259,
      0.09811882431053509,
      0.09684352036613822,
      0.09648399194012101,
      0.09378554367770751,
      0.09261446035683865,
      0.08997184367239197,
      0.08829063044145448,
      0.08649024786171733,
      0.08819793228846007,
      0.08234368896255721,
      0.08389299773162606,
      0.07200088550618132,
      0.06700093838574048,
      0.06555044982923187,
      0.06626159058040816,
      0.06392845888098267,
      0.05759145135418191
    ],
    "val_loss": [
      0.1006496982449818,
      0.09193405189452739,
      0.0972392041214535,
      0.08642421902869712,
      0.08907249067149908,
      0.0792621409454724,
      0.09010445702565094,
      0.10488119825583815,
      0.09139335747352244,
      0.07651695633964027,
      0.08389266518345188,
      0.0847626217340408,
      0.07767384565905291,
      0.09583134294623157,
      0.07022739830145268,
      0.08156723769433007,
      0.0761733727000679,
      0.07929583766236793,
      0.07943634361381915,
      0.07146896709461373
    ],
    "train_acc": [
      0.9481596682218766,
      0.9613789528252981,
      0.9641783307413168,
      0.9652669777086573,
      0.9657853810264385,
      0.9679108346293416,
      0.9689476412649041,
      0.9679626749611198,
      0.9691550025920166,
      0.9699844479004666,
      0.9706583722135822,
      0.9699844479004666,
      0.972680145152929,
      0.9714878175220322,
      0.9758942457231726,
      0.9757905650596164,
      0.976464489372732,
      0.976464489372732,
      0.9775012960082945,
      0.9795230689476413
    ],